{"Gryffindor": [-1.8116443603945653, -0.34951462737006955, 0.9621648247117974, -0.37524918046120403, 1.324008463089091, -1.5771878281666158, -2.098761109575147, -0.7166704472466047, 1.4891291986961372], "Slytherin": [-1.945729456328144, 1.6950662163254069, -3.321305059867248, -0.49599514046572524, -0.6058510465067907, 0.3198572839242279, 1.0586436077883925, -0.8923903534239773, -0.6193498144712168], "Ravenclaw": [0.6309329788246028, 1.3899465900406518, 0.289496757587114, 2.023293406902098, 1.5385765742223636, -0.027748574885635004, 0.2724013615595248, 1.4313435679509896, -0.24520139741032995], "Hufflepuff": [1.7246367112530963, -2.319565569716389, 1.131443215527074, -0.8928203642110749, -1.7938473648341315, 0.6926864267721425, 0.5273350387723773, -0.5016851149337226, -0.5549159944635661]}